{"type":"Topology","transform":{"scale":[0.00012855807220709067,0.00006546168891912566],"translate":[-16.817361,13.056804999999999]},"arcs":[[[4671,5430],[-23,-24],[-22,-43],[-26,-61],[-78,-90],[-37,-131],[-323,-492],[-147,-135],[-27,-59],[-47,-31],[-63,-108],[-46,16],[-57,76],[-55,15],[-365,-184],[-230,-61],[-59,23],[-77,71],[-159,234],[-83,67],[-119,38],[-263,-20],[-26,73],[6,47],[4,4],[19,0],[0,4],[20,0],[26,9],[-3,29],[7,13],[8,4],[5,13],[6,4],[18,39],[8,12],[0,9],[11,12],[15,34],[0,17],[4,13],[0,21],[9,17],[0,13],[4,21],[11,17],[0,9],[15,17],[18,34],[10,12],[0,9],[20,34],[0,13],[4,12],[11,13],[11,47],[0,17],[4,21],[4,4],[0,17],[7,21],[0,26],[4,17],[0,59],[2,34],[5,9],[2,25],[-2,26],[0,84],[-5,43],[-8,13],[0,21],[13,4],[8,-26],[11,18],[-17,25],[-2,21],[0,26],[-5,4],[0,21],[-10,30],[-9,8],[-2,9],[-13,17],[-4,17],[-3,25],[-4,9],[0,51],[7,8],[10,0],[3,9],[-5,21],[-6,13],[-5,25],[-10,38],[0,34],[-11,4],[-13,0],[-11,30],[-13,17],[-15,25],[-2,22],[-11,25],[-11,0],[-6,17],[-7,9],[-11,29],[-6,26],[0,21],[-13,17],[-9,4],[-4,13],[-30,25],[-9,0],[-2,9],[-58,0],[-5,13],[-19,0],[-5,21],[-8,17],[-7,0],[-6,13],[-13,-5],[-7,-17],[-15,0],[-4,9],[0,17],[4,13],[-6,17],[-9,0],[-4,8],[-2,25],[-7,9],[-2,17],[-6,8],[-20,0],[-6,-8],[-20,13],[-15,0],[-22,8],[-6,9],[-2,25],[-4,13],[-16,4],[-2,17],[-15,30],[0,21],[13,0],[11,13],[11,0],[4,8],[9,4],[6,13],[2,21],[-6,5],[0,12],[13,30],[8,13],[7,17],[0,8],[6,13],[0,13],[7,12],[2,17],[9,17],[2,26],[4,4],[0,17],[9,30],[4,4],[2,17],[9,17],[0,13],[4,8],[0,17],[5,9],[8,46],[0,17],[4,30],[5,8],[0,17],[6,22],[5,59],[4,13],[2,34],[0,80],[2,0],[0,94],[-2,0],[0,106],[-2,0],[-4,51],[0,29],[-5,43],[-4,8],[0,13],[-4,9],[-5,21],[-2,29],[-6,17],[0,13],[-7,13],[-6,25],[-2,17],[-5,5],[-6,29],[-13,22],[-2,16],[-9,13],[-2,17],[-11,21],[0,9],[-6,17],[-7,8],[-4,17],[-7,13],[-4,21],[-15,26],[-17,46],[2,17],[4,5],[0,34],[7,8],[181,-1],[536,-1],[71,21],[49,-23],[347,-1],[421,0],[28,-28],[143,26],[410,2],[989,4],[35,-20],[317,5],[321,5],[0,-14],[159,-9],[254,2],[53,26],[130,-24],[584,5],[163,-11],[358,-22],[647,10],[1005,16],[285,4],[252,-17],[130,18],[139,-10],[46,22],[223,-7],[12,369],[60,465],[109,604],[71,209],[83,227],[191,385],[251,351],[97,66],[107,116],[246,105],[128,0],[176,-66],[319,-311],[59,-9],[105,36],[266,220],[164,166],[185,237],[272,281],[107,112],[115,87],[66,5],[167,-69],[238,-212],[38,-6],[258,-173],[64,-2],[204,69],[189,-48],[88,9],[138,-81],[237,-212],[177,-189],[180,-283],[59,-136],[72,-279],[57,-413],[16,-407],[13,-84],[106,-237],[120,-173],[162,-182],[155,-137],[80,-15],[68,50],[166,229],[126,126],[144,105],[215,114],[0,-14],[124,17],[0,14],[152,-14],[114,-54],[259,-237],[146,-211],[111,-208],[72,-178],[150,-793],[91,-238],[100,-180],[154,-215],[282,-313],[63,-97],[268,-233],[117,-54],[148,3],[522,284],[107,115],[136,238],[40,29],[81,128],[240,226],[199,151],[147,140],[38,-3],[274,153],[17,-31],[232,-34],[139,9],[233,159],[149,133],[166,77],[66,-6],[8,-46],[277,-213],[206,-245],[112,-163],[147,-370],[217,-407],[132,-384],[74,-105],[48,-143],[10,-207],[-30,-267],[-46,-296],[-81,-314],[-86,-237],[-96,-177],[-209,-253],[-155,-112],[-102,-26],[-22,31],[-126,-38],[-115,13],[-93,-16],[-128,-76],[-167,-197],[-140,-94],[-179,-41],[-65,-37],[-106,-9],[-53,38],[-66,9],[-252,-68],[-142,-90],[-47,-96],[-58,-511],[-54,-145],[-59,-75],[-88,-33],[-25,14],[-117,-24],[-205,3],[-321,-52],[-44,17],[-162,249],[-110,47],[-149,-38],[-101,5],[-301,-90],[-36,20],[-108,-6],[-132,64],[-182,165],[-131,190],[-155,250],[-137,341],[-44,24],[-232,27],[-92,50],[-23,-11],[-134,60],[-121,86],[-166,231],[-97,240],[-55,52],[-109,-48],[-165,-166],[-157,7],[-129,47],[-353,350],[-222,254],[-124,208],[-88,293],[-61,97],[-59,37],[-29,-21],[-184,6],[-96,29],[-112,96],[-179,252],[-81,40],[-197,31],[-138,49],[-126,70],[-50,6],[-84,68],[-147,148],[-84,110],[-198,188],[-410,576],[-217,392],[-2,38],[-84,209],[-101,369],[-81,2],[-231,-189],[-183,-219],[-24,3],[-68,-139],[-56,-79],[-126,-263],[-52,-170],[-63,-367],[-12,-176],[-24,-123],[9,-302],[-17,-197],[-40,-209],[-88,-266],[-225,-431],[-86,-136],[-40,-99],[-118,-137],[-356,-190],[-56,-30],[-38,-18],[-150,-31],[-56,11],[-28,4],[-152,207],[-91,95],[-58,30],[-66,-16],[-134,63],[-98,106],[-55,8],[-10,2],[-41,27],[-49,29],[-153,97],[-75,12],[-80,-65],[-125,-165],[-267,-398],[-14,-43],[-115,-77],[-124,-11],[-169,90],[-183,146],[-171,86],[-134,0],[-287,-195],[-53,-2],[-271,-114],[-320,47],[-16,-1287],[-5,-373],[-14,-1120],[-421,3],[-248,2],[-688,4],[-99,36],[-49,-33],[-403,-6],[-115,34],[-42,-29],[-300,12],[-329,13],[-467,-20],[-263,5],[-263,5],[-672,12],[-118,-39],[-63,37],[-273,4],[-613,11],[-596,10],[-514,8],[-153,-20],[-126,22],[-18,-29],[-138,-86],[-38,-68],[-13,-71],[24,-86],[8,-85],[-6,-88],[-54,-68],[-56,-139],[-58,-27],[-5,24],[-33,3],[-33,-40],[-17,-57],[-4,-53],[42,-177],[-22,-296],[-12,-45],[-6,-13],[-2,-17],[-7,-8],[-2,-21],[-4,-17],[-2,-21],[6,-13],[0,-9],[9,-8],[6,-21],[0,-22],[5,-8],[0,-13],[6,-21],[0,-34],[-9,4],[-2,21],[-8,34],[-3,17],[-6,9],[0,13],[-11,21],[0,17],[-32,80],[-22,34],[-43,43],[-20,8],[-19,0],[-13,5],[-13,21],[-15,0],[-9,-5],[-2,9],[0,42],[5,13],[4,34],[0,68],[2,38],[2,0],[0,38],[4,9],[7,59],[0,30],[11,42],[0,56],[4,12],[0,26],[2,21],[5,17],[2,21],[0,68],[-5,26],[0,80],[-13,43],[-8,8],[-15,0],[-5,17],[-2,30],[-6,8],[-5,30],[0,85],[3,34],[-3,29],[-13,22],[-8,8],[0,51],[-5,9],[0,21],[-4,17],[-6,8],[-5,21],[-15,30],[-17,-8],[-13,0],[-15,38],[0,8],[-9,17],[-2,13],[4,59],[7,26],[2,17],[13,76],[4,38],[0,34],[2,34],[7,22],[0,131],[-2,0],[0,64],[2,0],[0,80],[-2,0],[0,39],[4,29],[2,38],[0,132],[-2,0],[0,123],[-2,0],[0,110],[-2,0],[0,73],[2,0],[0,59],[-2,0],[0,51],[-5,25],[-6,17],[0,26],[-4,13],[0,38],[-5,38],[-4,8],[0,17],[-4,30],[-9,25],[-4,39],[0,29],[-11,43],[0,13],[-9,17],[-2,17],[-6,8],[-3,17],[-8,0],[-9,21],[-21,13],[-13,0],[-3,-9],[-13,0],[-8,26],[-11,13],[0,8],[-19,38],[-7,0],[0,38],[4,9],[0,72],[-2,0],[0,76],[7,13],[6,26],[2,21],[7,38],[0,21],[4,13],[0,21],[5,21],[0,225],[-3,0],[0,60],[-8,51],[0,21],[-9,34],[0,17],[-4,13],[0,21],[-5,12],[0,13],[-4,9],[-2,21],[-9,13],[-6,17],[0,8],[-26,51],[-7,9],[0,21],[13,34],[0,46],[9,5],[2,8],[9,4],[2,9],[9,0],[2,-17],[15,0],[6,4],[13,34],[9,4],[11,43],[2,29],[11,39],[0,63],[2,17],[4,9],[5,21],[0,47],[8,0],[11,46],[0,47],[2,0],[0,64],[2,25],[5,17],[13,9],[13,12],[17,0],[4,9],[13,0],[7,8],[10,0],[5,9],[41,38],[8,0],[7,13],[9,4],[2,8],[8,0],[13,17],[15,13],[5,9],[8,4],[3,8],[8,9],[7,0],[4,13],[7,4],[12,21],[5,0],[13,25],[8,9],[18,25],[4,0],[11,17],[6,22],[9,17],[24,21],[15,42],[0,9],[19,38],[0,8],[13,26],[2,8],[11,17],[5,26],[4,4],[4,25],[7,26],[4,4],[15,43],[2,17],[9,29],[4,5],[2,16],[5,5],[8,34],[0,8],[13,47],[9,21],[2,17],[4,4],[3,17],[10,21],[7,26],[6,47],[13,55],[9,51],[0,17],[4,25],[5,13],[10,8],[11,26],[11,8],[11,26],[2,17],[4,4],[7,38],[4,13],[17,4],[5,9],[15,0],[2,8],[9,9],[6,0],[13,34],[7,8],[21,42],[9,5],[2,8],[11,17],[0,9],[15,25],[0,9],[13,21],[0,8],[13,17],[6,21],[22,17],[13,5],[26,21],[13,17],[6,0],[11,8],[11,22],[24,0],[13,21],[10,0],[7,17],[13,8],[13,0],[8,17],[1,13],[12,38],[7,0],[2,-21],[11,-38],[9,-17],[6,-43],[4,-8],[0,-13],[9,-17],[0,-13],[9,-17],[4,-25],[17,-21],[2,-9],[33,0],[0,5],[21,0],[0,4],[20,0],[0,4],[52,0],[13,-8],[4,-9],[11,0],[11,-21],[15,-17],[39,0],[6,-13],[0,-55],[-6,-64],[-7,-17],[0,-34],[-6,-17],[0,-17],[-5,-21],[-13,-25],[-32,0],[0,-4],[-26,0],[-11,-17],[-2,-17],[-6,-17],[0,-43],[10,-25],[7,0],[9,-9],[10,-17],[0,-17],[-6,-17],[-15,-12],[-13,-17],[-9,0],[-9,-13],[0,-9],[-10,-8],[-2,-34],[6,-9],[0,34],[13,13],[17,0],[15,13],[5,17],[8,17],[0,8],[9,17],[-2,34],[-9,9],[-6,12],[-5,17],[-13,22],[0,34],[5,12],[21,0],[13,-4],[9,4],[6,-4],[11,17],[15,13],[3,17],[4,4],[2,17],[11,8],[-5,17],[0,13],[7,26],[2,17],[7,8],[0,17],[6,21],[0,47],[11,25],[9,9],[6,0],[9,13],[13,4],[2,8],[13,9],[13,30],[11,0],[6,-17],[11,-5],[8,-21],[5,0],[2,-17],[11,-8],[28,-30],[8,-17],[26,-9],[5,-8],[15,0],[15,-4],[4,-9],[11,-4],[22,0],[8,-8],[33,0],[11,-9],[17,0],[11,-13],[19,-8],[20,-21],[2,-9],[8,-4],[9,-21],[6,0],[18,-17],[2,-9],[13,-25],[2,-21],[0,-39],