{"type":"Topology","transform":{"scale":[0.0022575777301927194,0.0022767059576283234],"translate":[13.469506,7.447676]},"arcs":[[[1623,716],[7,-47],[-3,-92],[-43,-57],[37,-38],[74,-109],[-37,-61],[-46,-12],[76,-141]],[[1688,159],[-10,-24],[-41,-16],[-5,-20],[-53,-15],[-36,2],[-41,-44],[-23,-2],[-16,31],[-22,19],[-28,8],[1,31],[-32,13],[-5,38],[-29,-7],[-13,-22],[-33,-7],[7,-26],[-24,-21],[-33,-6],[-22,-19],[-69,-9],[-53,-45],[-73,-18],[-34,16],[-7,15],[-78,-8],[17,56],[5,64],[-35,8],[-24,39],[-27,72],[1,19],[-75,161]],[[778,442],[12,4]],[[790,446],[58,-37],[27,-1],[48,-46],[58,26],[53,1],[26,45],[56,32],[57,44],[69,22],[34,-1],[25,27],[38,12],[45,67],[-12,27],[-28,16],[-34,54]],[[1310,734],[51,15],[24,-2],[78,-34],[95,-9],[65,12]],[[790,446],[-4,49],[21,55],[29,26],[4,78],[9,42],[24,13]],[[873,709],[59,-17],[35,17],[74,-10],[48,10],[13,23],[38,6],[50,-21],[25,32],[32,11],[35,29],[21,-28],[7,-27]],[[1809,944],[30,-24],[20,-41],[43,-6],[27,-61],[102,-46],[64,-7],[-44,-68],[-33,-10],[-13,-17],[10,-51],[18,-21],[-4,-59],[13,-42],[17,-8],[12,-58],[10,-17],[1,-74],[19,-81]],[[2101,253],[-80,-6],[-45,-25],[-119,14],[-8,-17],[-59,-33],[-18,13],[-84,-40]],[[1623,716],[39,39],[-65,41],[68,54],[0,38],[13,10],[-22,37],[48,8],[74,20],[31,-19]],[[864,774],[9,-65]],[[778,442],[-21,30],[-12,35],[-19,24],[-55,13],[3,16],[-39,38],[-28,0],[-112,81],[-43,27],[-11,25],[-49,35],[10,34],[-32,43],[-14,-5],[-19,28],[-36,36],[-13,2],[-38,48],[-26,16],[23,37],[46,39],[32,79],[119,0],[112,-24]],[[556,1099],[11,-123],[49,2],[40,11],[37,-17],[-3,-28],[27,-33],[0,-37],[22,-35],[59,-38],[66,-27]],[[1733,1045],[35,-18],[58,-50],[-17,-33]],[[864,774],[28,48],[47,54],[33,27],[8,36],[14,7],[6,33],[30,21],[38,-10],[15,-20],[52,20],[47,48],[55,97],[-11,65],[-18,13]],[[1208,1213],[15,-3],[112,-1],[45,28],[17,-13],[1,-39],[16,-33],[104,-35],[20,-20],[44,0],[54,-11],[11,-22],[30,-13],[56,-6]],[[2885,729],[-44,-20],[-73,-7],[-13,-8],[-48,3],[-51,-13],[-8,8],[-65,-6],[-43,9],[-42,-10],[-12,5],[-42,-18],[-56,-47],[20,-9],[31,-33],[65,-44],[-23,-20],[-16,-44],[-16,-7],[-34,-38],[-12,-28],[-20,-9],[-21,-35],[-52,-19],[-24,-36],[1,-26],[-24,-17],[-162,-7]],[[1733,1045],[47,152],[24,122]],[[1804,1319],[143,20],[43,-44],[46,-20],[17,6],[46,-19],[36,-26],[41,-6],[50,-27],[65,-71],[-4,-47],[46,-18],[25,1],[14,48],[93,0],[21,6],[35,67],[55,30],[31,33],[-5,20],[38,55],[29,12],[39,-8],[16,21],[37,27]],[[2761,1379],[-30,-131],[25,-10],[-19,-48],[2,-26],[-18,-14],[37,-68],[43,-119],[84,-234]],[[556,1099],[35,-7],[67,22],[46,-15],[41,20],[40,-2],[52,-11],[26,-13],[121,26],[-84,46],[-26,40],[-41,45],[-19,6],[-13,43],[-29,40],[-26,15],[2,39],[-12,38],[-28,51],[11,28],[-14,38],[-11,54]],[[694,1602],[86,50],[74,1],[18,-66],[42,-38],[5,-15],[46,-18],[43,-33],[72,-20],[39,0],[23,-12],[31,7],[14,-26],[-13,-107],[4,-66],[30,-46]],[[2851,2017],[7,-35],[40,10],[3,19],[97,7],[29,-3],[149,-70],[204,-104],[-2,-41],[206,36],[173,34],[31,-21],[63,-10],[133,-281]],[[3984,1558],[-125,-40],[-24,12],[-25,-8],[-24,6],[-20,-18],[-58,-15],[-24,-24],[-2,-58],[-23,-7],[-7,-68],[26,-30],[-15,-15],[-13,-47],[-46,-29],[-27,6],[-24,-18],[-43,-86],[-18,-14],[-43,14],[-19,-18],[-5,-23],[-21,-12],[-15,-33],[-55,-35],[-1,-41],[-19,-4],[-13,-41],[-20,0],[-51,-54],[-40,0],[-11,-40],[-51,11],[-17,-47],[-17,-27],[-38,-20],[-144,10],[-27,-16]],[[2761,1379],[10,57],[-14,125],[-95,20],[-33,25],[-64,22],[-115,52],[-15,18],[-29,8],[-12,64],[12,94],[68,-1],[15,-39],[56,17],[18,38],[38,57],[-13,56],[68,62],[51,-18],[75,-13],[69,-6]],[[2913,2410],[52,-42],[30,-17],[6,-16],[-31,-16],[-27,-50],[18,-36],[-32,-16],[-36,-48],[-27,-61],[-22,-74],[7,-17]],[[1804,1319],[-41,31],[-54,23],[11,43],[5,54],[-2,62],[-24,130],[13,106]],[[1712,1768],[19,31],[74,56],[60,4],[-20,51],[-40,50],[-1,18],[25,76]],[[1829,2054],[-14,33],[45,30],[95,78],[81,3],[13,15],[168,90],[314,-2],[13,12],[172,99],[78,40],[119,-42]],[[3697,2354],[17,-30],[39,-46],[95,15],[28,36],[48,-33],[65,-19],[-22,-52],[-25,-30],[29,-28],[3,-41],[24,-54],[-9,-52],[8,-10],[42,17],[27,3],[-29,-95],[-12,-70],[1,-27],[45,-50],[35,-13],[39,-31],[51,4],[-5,-48],[21,-6],[4,-36],[-26,-53],[-22,-75],[-117,32],[-50,4],[-17,-8]],[[2913,2410],[126,29],[12,26]],[[3051,2465],[81,-21],[99,2],[0,-56],[67,-16],[12,-23],[-4,-47],[68,-26],[61,16],[59,-10],[28,33],[52,37],[63,24],[60,-24]],[[3869,2842],[-29,-28],[-24,-36],[18,-18],[-5,-21],[43,-58],[4,-29],[31,-57],[-48,-47],[-21,-34],[-54,-12],[-33,-35],[-38,-96],[-16,-17]],[[3051,2465],[5,128],[-1,30],[-44,85],[12,62],[-11,33],[-94,56],[2,55]],[[2920,2914],[33,33],[47,62],[51,39],[57,-5],[53,17],[71,-21],[35,-20],[35,-31],[36,-43],[46,-11],[64,-39],[57,32],[24,6],[52,-11],[52,-4],[185,-54],[51,-22]],[[929,2549],[-61,29],[-22,33],[-66,-9],[12,-32],[25,-26],[38,-22],[-62,-42],[-31,46],[-72,23],[7,-35],[-11,-77],[-81,-1],[-137,-7]],[[468,2429],[-31,45],[-165,0],[-37,58],[-161,223],[-73,304],[-1,20],[44,23],[37,7]],[[81,3109],[40,-13],[84,3],[17,-24],[25,2],[25,-29],[6,-30],[27,-4],[23,-36],[27,-1],[17,-30],[57,-12],[29,-42],[50,-59],[63,-109],[23,21],[42,-6],[216,25],[48,-126],[23,-41],[6,-49]],[[3887,3719],[35,-12]],[[3922,3707],[18,-32],[40,-8],[107,-45],[60,-47],[41,-39]],[[4188,3536],[30,-38],[5,-76],[-30,-31],[2,-23],[-55,-35],[-29,-30],[4,-26],[-34,-13],[-7,-14],[23,-67],[-61,-18],[-31,-4],[-44,-20],[-6,-36],[20,-13],[-5,-36],[10,-33],[-13,-16],[55,-30],[9,-15],[-13,-30],[-23,-6],[-32,-25],[-41,-18],[-53,-41]],[[2920,2914],[-2,197],[-6,532]],[[2912,3643],[24,-6],[68,-43],[30,-5],[79,15],[22,-11]],[[3135,3593],[82,-25],[44,15],[120,55],[-1,43],[40,22],[73,1],[31,-6],[26,14],[90,-4],[36,3],[78,21],[31,18]],[[3785,3750],[102,-31]],[[2004,3541],[-181,-768],[-139,-43],[-17,-104],[4,-95],[-36,-49]],[[1635,2482],[-61,26],[-54,-21],[-24,11],[-38,-20],[-95,-9],[-35,-15],[-47,7],[-81,-12],[-80,9],[-14,34],[-25,23]],[[1081,2515],[8,15],[3,106],[-26,72],[8,31],[-4,28],[-49,5],[-6,-9],[-50,-1],[-20,6],[7,124],[73,63],[89,65],[150,299],[375,453]],[[1639,3772],[303,-136],[30,-55],[32,-40]],[[1829,2054],[-83,26],[-10,38],[-35,33],[-7,62],[-18,7],[-46,47],[-25,76],[-56,38],[14,30],[58,48],[14,23]],[[2004,3541],[108,-67],[81,-18],[104,-1],[76,19],[72,44],[45,39],[54,77],[18,47],[12,79],[-2,39],[29,5],[24,-14],[44,-77],[31,-30],[60,-5],[152,-35]],[[1081,2515],[-21,-9],[-48,4],[-83,39]],[[81,3109],[18,14],[-11,35],[64,45],[-9,58],[35,77],[41,44],[124,175],[64,83],[118,120],[247,194],[141,113]],[[913,4067],[252,-84],[263,-119],[211,-92]],[[2534,4920],[71,-71],[201,-209],[314,6],[14,-38],[-37,-415],[-27,-124],[75,-197],[78,-203],[-88,-76]],[[913,4067],[438,928],[999,3],[54,-70],[130,-8]],[[3327,5953],[-216,-439],[-435,0],[-3,-593],[-139,-1]],[[913,4067],[4,133],[13,433],[13,320],[17,121],[61,426],[98,168],[-30,19],[-49,45],[-21,45],[-76,64],[-21,55],[27,40],[-11,16],[-105,131],[-30,66],[-36,22],[0,213],[-66,324],[-23,123],[283,126],[172,76],[393,-193],[1801,-887]],[[719,1997],[-1,0]],[[718,1997],[-1,0]],[[717,1997],[-24,50],[-34,-5],[-31,29],[10,11]],[[638,2082],[17,9],[42,4]],[[697,2095],[40,-27],[18,-24],[-1,-23],[-35,-24]],[[697,2095],[75,18],[40,18],[31,28],[58,-62],[29,23],[51,28],[130,-1],[34,-6],[110,14],[84,-25],[77,-30],[26,-42],[-8,-61],[16,-27],[21,-13],[16,-78],[14,-22],[21,4],[50,-7],[31,-18],[22,-27],[87,-41]],[[694,1602],[-3,45],[19,53],[-6,43],[35,52],[-16,22],[-17,57],[25,32],[-35,49],[21,42]],[[718,1997],[1,0]],[[638,2082],[-8,9],[7,74],[-22,49],[-12,64],[-45,14],[-24,23],[-42,18],[-15,16],[4,29],[-14,16],[1,35]],[[3922,3707],[-35,12]],[[3785,3750],[16,135],[42,15],[81,104],[-27,45],[27,15],[10,24],[3,530],[-10,1040]],[[3927,5658],[692,-341],[51,-26],[-6,-1641],[0,-26],[-94,26],[-54,1],[-53,-4],[-58,-23],[-33,-6],[-55,13],[-41,2],[-39,-40],[-48,-34],[-1,-23]],[[3327,5953],[600,-295]]],"objects":{"chad_ADM1":{"type":"GeometryCollection","geometries":[{"arcs":[[0,1,2,3,4]],"type":"Polygon","properties":{"OBJECTID":1,"CODREG":"09","NOMREG":"Logone Oriental","ADM1_CODE":9267}},{"arcs":[[-4,5,6]],"type":"Polygon","properties":{"OBJECTID":2,"CODREG":"08",