{"type":"Topology","transform":{"scale":[0.0017802221846466015,0.0019179707679405778],"translate":[13.473475,7.441069]},"arcs":[[[445,1013],[-42,49],[-31,16],[-64,72],[2,31],[86,101],[12,43],[21,8],[139,7],[124,-32],[73,-13],[47,29],[47,11],[55,-20],[18,16],[45,-15],[13,16],[57,-13],[55,-20],[93,15],[47,12],[-20,22],[-43,18],[-48,30],[-20,36],[-54,54],[-25,8],[-17,52],[-22,34],[-54,35],[7,44],[-13,38],[-37,57],[14,32],[-6,42],[-18,24],[-8,41],[-6,108],[24,45],[-6,23],[47,77],[-25,17],[-18,63],[29,46],[-42,52],[11,75],[-29,37],[-16,-12],[-27,12],[-23,28],[9,55],[1,56],[-16,41],[-18,-1],[1,56],[-11,34],[-34,1],[-10,27],[-27,22],[-24,-3],[-43,15],[-19,20],[9,55],[-20,40],[-41,55],[-212,3],[-108,139],[-102,137],[-39,48],[-9,28],[-77,315],[-7,44],[11,16],[44,16],[39,5],[31,19],[-11,45],[39,32],[36,12],[-11,74],[44,93],[57,60],[172,225],[61,75],[127,117],[194,192],[170,164],[138,135],[19,366],[15,285],[16,305],[21,156],[25,171],[18,135],[26,172],[136,209],[-74,59],[-67,87],[-87,76],[-25,55],[45,43],[-189,245],[-51,31],[-4,259],[-30,156],[-79,371],[6,4],[243,104],[313,127],[149,-64],[404,-172],[323,-143],[386,-171],[271,-119],[258,-117],[457,-207],[197,-90],[179,-85],[142,-64],[247,-116],[179,-83],[229,-111],[241,-115],[302,-144],[277,-133],[218,-106],[36,-15],[0,-370],[0,-312],[0,-261],[0,-365],[0,-261],[0,-260],[1,-154],[-21,-1],[-89,20],[-81,8],[-47,-2],[-91,-32],[-46,-3],[-67,12],[-52,0],[-36,-27],[-13,-21],[-59,-35],[2,-45],[32,-25],[7,-56],[-2,-37],[-39,-42],[6,-26],[-39,-13],[-64,-57],[1,-29],[-31,-14],[-18,-22],[22,-57],[3,-27],[-56,-19],[-64,-11],[-51,-18],[-16,-46],[37,-18],[-3,-56],[10,-19],[-14,-28],[24,-22],[44,-2],[12,-23],[-24,-34],[-59,-36],[-22,0],[-57,-39],[-33,-15],[-47,-47],[-32,-42],[21,-31],[-7,-16],[15,-30],[40,-32],[4,-60],[34,-37],[1,-16],[-56,-55],[-32,-42],[-60,-13],[-10,-19],[-43,-29],[-42,-92],[-7,-33],[11,-38],[43,-50],[55,-1],[58,15],[33,22],[2,22],[50,-28],[96,-40],[-25,-65],[-23,-28],[28,-28],[12,-60],[18,-28],[9,-37],[0,-66],[33,17],[47,-14],[-45,-177],[7,-35],[54,-55],[51,-21],[20,-37],[88,7],[4,-55],[16,-8],[2,-50],[-58,-140],[-68,9],[-15,13],[-73,12],[-20,-7],[-27,13],[-54,-20],[-55,-7],[-21,-13],[-53,-12],[-24,-17],[-40,10],[-36,-5],[-47,-17],[-31,8],[-49,-37],[-1,-67],[-31,-8],[0,-48],[-9,-28],[19,-23],[8,-31],[-16,-44],[-35,-43],[-64,-14],[-14,9],[-38,-39],[-8,-36],[-34,-43],[-30,-20],[-44,16],[-26,-22],[-18,-31],[-28,-23],[-10,-29],[-51,-18],[3,-15],[-31,-42],[2,-16],[-57,-48],[-6,-20],[-55,-31],[-5,-14],[-55,-3],[-14,-41],[-61,11],[-41,-86],[-57,-23],[-45,-4],[-20,13],[-101,-2],[-26,-8],[-48,-34],[-86,-2],[-57,-19],[-77,-2],[-75,4],[-52,-9],[-51,12],[-47,-14],[-32,6],[-48,-19],[-9,-20],[-30,-8],[-31,-26],[31,-39],[54,-21],[57,-48],[-31,-16],[-13,-44],[-30,-22],[-38,-47],[-39,-60],[-26,-24],[-74,-25],[-24,-34],[4,-29],[-20,-23],[-231,-15],[-89,-5],[-62,-26],[-141,12],[-13,-19],[-39,-17],[-20,1],[-16,-24],[-36,2],[-76,-23],[-43,-34],[-10,-17],[-29,-12],[-5,-21],[-39,-4],[-28,-13],[-47,1],[-29,-11],[2,-28],[-37,-17],[-66,63],[-33,10],[0,36],[-41,16],[-6,34],[-38,5],[-15,-28],[-28,8],[-14,-16],[9,-29],[-31,-28],[-36,-8],[-43,-23],[-100,-15],[-10,-23],[-36,-26],[-93,-22],[-37,20],[-9,21],[-101,-4],[-22,8],[35,31],[14,46],[-2,53],[-46,10],[-32,52],[-35,76],[4,24],[-63,116],[-44,157],[-56,33],[-41,-2],[-61,51],[-14,20],[-29,-2],[-54,9],[-20,22],[-89,78],[-28,11],[-9,31],[-63,54],[2,48],[-38,41],[-29,9]]],"objects":{"chad_ADM0":{"type":"GeometryCollection","geometries":[{"arcs":[[0]],"type":"Polygon","properties":{"GADMID":216,"ISO":"TCD","NAME_ENGLI":"Chad","NAME_ISO":"CHAD","NAME_FAO":"Chad","NAME_LOCAL":"Tchad","NAME_OBSOL":null,"NAME_VARIA":null,"NAME_NONLA":null,"NAME_FRENC":"Tchad","NAME_SPANI":"Chad","NAME_RUSSI":"???","NAME_ARABI":"????","NAME_CHINE":"??","WASPARTOF":null,"CONTAINS":null,"SOVEREIGN":"Chad","ISO2":"TD","WWW":null,"FIPS":"CD","ISON":148,"VALIDFR":"19600811","VALIDTO":"Present","AndyID":48,"POP2000":7885299,"SQKM":1168002,"POPSQKM":6.751101,"UNREGION1":"Middle Africa","UNREGION2":"Africa","DEVELOPING":1,"CIS":0,"Transition":0,"OECD":0,"WBREGION":"Sub-Saharan Africa","WBINCOME":"Low income","WBDEBT":"Severely indebted","WBOTHER":"HIPC","CEEAC":1,"CEMAC":1,"CEPLG":0,"COMESA":0,"EAC":0,"ECOWAS":0,"IGAD":0,"IOC":0,"MRU":0,"SACU":0,"UEMOA":0,"UMA":0,"PALOP":0,"PARTA":0,"CACM":0,"EurAsEC":0,"Agadir":0,"SAARC":0,"ASEAN":0,"NAFTA":0,"GCC":0,"CSN":0,"CARICOM":0,"EU":0,"CAN":0,"ACP":1,"Landlocked":1,"AOSIS":0,"SIDS":0,"Islands":0,"LDC":1,"Shape_Leng":55.699394,"Shape_Area":107.136002,"ADM1_CODE":9048}}]}},"crs":{"type":"name","properties":{"name":"urn:ogc:def:crs:OGC:1.3:CRS84"}}}